{"loss": [0.2603273093700409, 0.10908972471952438, 0.08289623260498047, 0.06280927360057831, 0.048381756991147995, 0.04367836192250252, 0.03776269033551216, 0.03357773646712303, 0.029598889872431755, 0.02675567753612995, 0.023633239790797234, 0.021894797682762146, 0.019022304564714432, 0.01743181422352791, 0.017769137397408485, 0.015520678833127022, 0.015029807575047016, 0.013793401420116425, 0.013114133849740028, 0.012605971656739712, 0.012842167168855667, 0.012010796926915646, 0.011992302723228931, 0.010436277836561203, 0.010830606333911419, 0.009283123537898064, 0.00965952780097723, 0.009089465253055096, 0.009336617775261402, 0.00867832824587822, 0.008134651929140091, 0.008359083905816078, 0.008035734295845032, 0.007419984322041273, 0.00786901731044054, 0.007199904415756464, 0.007535673212260008, 0.007305146660655737, 0.006594839505851269, 0.006478470284491777, 0.007151457481086254, 0.0065089026466012, 0.007008099928498268, 0.005814800504595041, 0.006416826043277979, 0.006220566108822823, 0.005917752627283335, 0.005798070691525936, 0.006250997073948383, 0.005931394640356302, 0.005401185713708401, 0.006008306983858347, 0.00556161580607295, 0.006154324393719435, 0.005693222861737013, 0.005576032213866711, 0.0054867989383637905, 0.005456520710140467, 0.005292221903800964, 0.005574687384068966, 0.0055255345068871975, 0.005321009550243616, 0.005079521797597408, 0.005224315449595451, 0.005151310469955206, 0.005014617461711168, 0.005470309406518936, 0.00515878526493907, 0.005171660333871841, 0.005310938227921724, 0.00500241806730628, 0.005301692523062229, 0.005104917101562023, 0.005072030704468489, 0.005230136681348085, 0.00489515857771039, 0.0050885952077806, 0.005234701093286276, 0.0049921488389372826, 0.004737052135169506, 0.005026206839829683, 0.004875862970948219, 0.004915180616080761, 0.004982640966773033, 0.004657103680074215, 0.004979169927537441, 0.0050625866279006, 0.004510333761572838, 0.00479928171262145, 0.004830042365938425, 0.0047570401802659035, 0.004808884114027023, 0.004696232732385397], "val_loss": [0.07936586439609528, 0.05590974539518356, 0.05662551149725914, 0.06189671531319618, 0.06491326540708542, 0.05224614590406418, 0.043527986854314804, 0.04169146344065666, 0.03983454778790474, 0.036961860954761505, 0.03764298930764198, 0.03934035822749138, 0.035214170813560486, 0.034066181629896164, 0.034728117287158966, 0.034235887229442596, 0.03566158562898636, 0.03716275468468666, 0.033400241285562515, 0.0334133505821228, 0.0318777859210968, 0.031194115057587624, 0.03180009871721268, 0.02884221449494362, 0.03040001541376114, 0.030865084379911423, 0.029056740924715996, 0.02924451045691967, 0.0286834929138422, 0.02598772756755352, 0.026702873408794403, 0.02644645981490612, 0.026273604482412338, 0.02674458548426628, 0.025547392666339874, 0.026264995336532593, 0.027538148686289787, 0.02620624750852585, 0.02676730416715145, 0.026835326105356216, 0.02720598317682743, 0.025869954377412796, 0.02837100438773632, 0.027774624526500702, 0.02594703435897827, 0.025395486503839493, 0.02529084123671055, 0.0254818182438612, 0.02495177835226059, 0.02574271149933338, 0.026099039241671562, 0.025669356808066368, 0.026917092502117157, 0.025297384709119797, 0.025881383568048477, 0.025791700929403305, 0.02589922398328781, 0.02546510100364685, 0.02500246651470661, 0.024995997548103333, 0.025615539401769638, 0.024582935497164726, 0.02527625299990177, 0.025104137137532234, 0.024674566462635994, 0.02421635575592518, 0.02411334216594696, 0.023949120193719864, 0.024356989189982414, 0.02402767911553383, 0.02446678653359413, 0.024567313492298126, 0.023979008197784424, 0.024460235610604286, 0.02417309395968914, 0.024061424657702446, 0.02439609169960022, 0.02424583211541176, 0.02440669760107994, 0.02451796643435955, 0.02424711361527443, 0.024273542687296867, 0.02431509643793106, 0.024457786232233047, 0.02439969778060913, 0.02435494400560856, 0.024254944175481796, 0.02433725632727146, 0.02435636706650257, 0.02430034428834915, 0.024131642654538155, 0.024109123274683952, 0.024216104298830032]}