{"Inertia": 5493.5792, "Silhouette": 0.3941, "K": 3, "label_map": {"1": "Angin Tenang", "0": "Angin Ringan", "2": "Angin Sedang"}, "elbow": {"k": [2, 3, 4, 5, 6, 7, 8, 9, 10], "inertia": [6618.402707664669, 5493.5792300232815, 4495.826500063623, 3837.732366739037, 3391.32910408235, 3103.810860125531, 2846.360975579513, 2657.651105134414, 2476.109380279504], "silhouette": [0.38382198482907426, 0.3940954947024307, 0.3160390456472671, 0.31558794168535725, 0.3216200134606225, 0.28025659143218185, 0.2687186607462561, 0.2734484651656621, 0.2730698942979528]}}