{"loss": [0.026307525113224983, 0.014117904007434845, 0.013596061617136002, 0.01246565394103527, 0.012323102913796902, 0.011582866311073303, 0.011137212626636028, 0.011446457356214523, 0.010907864198088646, 0.010281510651111603, 0.010844253934919834, 0.009914140217006207, 0.01023783814162016, 0.01003238745033741, 0.010396257974207401, 0.009616895578801632, 0.009702106937766075, 0.009595243260264397, 0.00949085969477892, 0.009543909691274166, 0.009457296691834927, 0.0097603565081954, 0.009395226836204529, 0.00930123869329691, 0.008908204734325409, 0.00921145360916853, 0.008871517144143581, 0.00918950978666544, 0.009022414684295654, 0.009171164594590664, 0.00908375158905983, 0.008624309673905373, 0.009211205877363682, 0.008410640992224216, 0.00853134598582983, 0.008911439217627048, 0.008737139403820038, 0.008370052091777325, 0.008411225862801075, 0.008356609381735325], "val_loss": [0.038984328508377075, 0.043503712862730026, 0.04289698228240013, 0.04305969923734665, 0.043295636773109436, 0.044280268251895905, 0.04754000902175903, 0.045733608305454254, 0.04383998364210129, 0.04327724874019623, 0.04379160329699516, 0.040194954723119736, 0.03950333222746849, 0.03954717889428139, 0.03842449560761452, 0.03996529430150986, 0.03897567093372345, 0.039649996906518936, 0.03891647979617119, 0.03875897452235222, 0.03865453228354454, 0.04025888442993164, 0.03969813510775566, 0.03970940038561821, 0.04119626432657242, 0.03941139578819275, 0.03947163373231888, 0.03953178972005844, 0.03998337313532829, 0.03904224932193756, 0.039370592683553696, 0.039027824997901917, 0.03928424417972565, 0.03958159312605858, 0.039477866142988205, 0.03993368148803711, 0.0394103042781353, 0.03976258262991905, 0.03990545868873596, 0.0397704616189003]}