{"timesteps": 7, "buffer": [[1.6527247573955197, 2.059567171480078, 2.3296902325362763, 0.055007015368156845, -0.14617222468420604, -1.033317389678373, 1.2985264912230963, -1.4117441050194228, 0.9429214666623206, 0.822042472715297, 0.33471087338266164, 0.33872869332926553, 0.4501293547415549, 1.7155555459647116], [1.7677225549663047, 2.4080243784980717, 2.6059200892030447, 0.2120877182500247, 0.23682925265329025, -0.6298205467047754, 1.2985264912230963, 1.0050120170097825, 0.9527424410775971, 0.822042472715297, 0.33471087338266164, 1.991329545407496, 0.4501293547415549, 1.7180933500267896], [1.8252214537516962, 2.4080243784980717, 2.19157530420289, 0.6833298268956283, 3.4503050625093565, -1.436814232651971, 4.725247664569949, -1.5124422767706396, 0.9625634154928737, 0.822042472715297, 0.33471087338266164, 0.33872869332926553, 0.13593787741911223, 1.7206311540888675], [2.2277137452494467, 2.277352925866325, 2.8130924817031224, -0.5733157961593146, 0.4890497377292025, -0.6665020778841932, 3.5830072734543315, -1.5627913626462482, 0.9723843899081502, 0.822042472715297, 3.6243414466435127, 0.33872869332926553, 0.7643208320639976, 1.7231689581509455], [1.8252214537516962, 2.6693672837615687, 2.744035017536429, -0.5733157961593146, -0.5665396998107264, -0.6298205467047754, 4.15412746901214, -1.3110459332682058, 0.9822053643234268, 1.1217454575594155, 0.33471087338266164, -1.313872158748965, 0.7643208320639976, 1.7257067622130235], [2.7452038343179805, 2.4080243784980717, 3.434609659203353, -0.41623509327744673, -0.5665396998107264, -0.37304982844884954, 1.8696466867809052, 1.8105973910195174, 0.9920263387387033, 1.1217454575594155, 1.9795261600130871, 0.33872869332926553, 1.392703786708883, 1.7282445662751014], [2.6302060367471953, 1.972452869725578, 2.6059200892030447, 0.6833298268956283, 1.4885901785855953, -0.37304982844884954, 0.1562861001074785, -1.6131404485218566, 1.0018473131539798, 1.1217454575594155, 0.33471087338266164, 0.33872869332926553, 1.392703786708883, 1.7307823703371794]]}